"no","time","temperature","humidity"
0,16:28:31,26.9,57.6
1,16:28:32,27.1,60.5
2,16:28:33,27.0,59.3
3,16:28:34,27.1,60.0
4,16:28:35,27.1,60.5
5,16:28:36,27.1,60.8
6,16:28:37,27.2,61.2
7,16:28:38,27.3,61.5
8,16:28:39,27.4,62.0
9,16:28:40,27.4,62.1
10,16:28:41,27.5,62.7
11,16:28:42,27.5,62.1
12,16:28:43,27.6,63.1
13,16:28:44,27.6,63.5
14,16:28:45,27.6,64.0
15,16:28:46,27.7,63.7
16,16:28:47,27.7,64.8
17,16:28:48,27.7,64.7
18,16:28:49,27.8,65.4
19,16:28:50,27.7,66.9
20,16:28:51,27.8,65.2
21,16:28:52,27.8,65.6
22,16:28:53,27.9,65.9
23,16:28:54,27.9,66.1
24,16:28:55,28.0,66.2
25,16:28:56,28.1,66.6
26,16:28:57,28.0,66.8
27,16:28:58,28.1,66.7
28,16:28:59,28.0,67.2
29,16:29:0,28.2,67.7
30,16:29:1,28.3,67.4
31,16:29:2,28.2,69.1
32,16:29:3,28.3,68.1
33,16:29:4,28.3,68.0
34,16:29:5,28.3,67.7
35,16:29:6,28.4,68.4
36,16:29:7,28.4,68.2
37,16:29:8,28.4,68.2
38,16:29:9,28.5,68.9
39,16:29:10,28.6,69.1
40,16:29:11,28.6,69.0
41,16:29:12,28.7,69.2
42,16:29:13,28.8,69.4
43,16:29:14,28.7,69.4
44,16:29:15,28.8,69.4
45,16:29:16,28.9,70.0
46,16:29:17,28.7,69.1
47,16:29:18,28.9,70.1
48,16:29:19,28.8,70.2
49,16:29:20,28.9,70.8
50,16:29:21,29.0,69.2
51,16:29:22,29.0,70.2
52,16:29:23,29.1,70.8
53,16:29:24,29.0,70.6
54,16:29:25,29.1,71.0
55,16:29:26,29.1,70.9
56,16:29:27,29.1,70.9
57,16:29:28,29.0,70.9
58,16:29:29,29.1,71.0
59,16:29:30,29.3,71.5
60,16:29:31,29.3,72.3
61,16:29:32,29.2,72.4
62,16:29:33,29.2,71.6
63,16:29:34,29.4,71.7
64,16:29:35,29.3,70.8
65,16:29:36,29.3,71.9
66,16:29:37,29.4,72.0
67,16:29:38,29.3,72.1
68,16:29:39,29.5,72.1
69,16:29:40,29.5,72.0
70,16:29:41,29.5,72.3
71,16:29:42,29.5,72.3
72,16:29:43,29.5,72.3
73,16:29:44,29.7,72.5
74,16:29:45,29.8,72.5
75,16:29:46,29.7,73.6
76,16:29:47,29.7,73.2
77,16:29:48,29.8,72.9
78,16:29:49,29.8,72.5
79,16:29:50,29.7,73.2
80,16:29:51,29.9,74.1
81,16:29:52,29.8,72.7
82,16:29:53,29.9,73.3
83,16:29:54,30.0,73.0
84,16:29:55,29.9,73.0
85,16:29:56,30.0,73.5
86,16:29:57,30.0,73.2
87,16:29:58,30.0,73.5
88,16:29:59,30.2,73.6
89,16:30:0,30.0,74.2
90,16:30:1,30.1,73.8
91,16:30:2,30.1,74.4
92,16:30:3,30.2,73.6
93,16:30:4,30.2,73.6
94,16:30:5,30.3,72.7
95,16:30:6,30.2,72.5
96,16:30:7,30.2,73.3
97,16:30:8,30.3,73.8
98,16:30:9,30.3,74.0
99,16:30:10,30.4,74.1
100,16:30:11,30.4,73.7
101,16:30:12,30.3,73.9
102,16:30:13,30.5,74.1
103,16:30:14,30.5,74.4
104,16:30:15,30.5,74.1
105,16:30:16,30.3,73.9
106,16:30:17,30.6,73.9
107,16:30:18,30.6,74.4
108,16:30:19,30.5,74.7
109,16:30:20,30.6,72.9
110,16:30:21,30.6,74.4
111,16:30:22,30.6,74.7
112,16:30:23,30.6,74.4
113,16:30:24,30.6,74.9
114,16:30:25,30.6,74.3
115,16:30:26,30.7,74.7
116,16:30:27,30.7,74.8
117,16:30:28,30.7,74.8
118,16:30:29,30.8,75.0
119,16:30:30,30.7,74.7
120,16:30:31,30.8,75.0
121,16:30:32,30.9,74.7
122,16:30:34,30.9,75.0
123,16:30:35,31.0,73.3
124,16:30:36,31.0,74.2
125,16:30:37,31.0,74.6
126,16:30:38,31.0,75.3
127,16:30:39,31.0,75.3
128,16:30:40,31.1,75.0
129,16:30:41,31.0,75.2
130,16:30:42,31.0,75.2
131,16:30:43,31.1,75.0
132,16:30:44,31.1,75.3
133,16:30:45,31.1,75.7
134,16:30:46,31.3,75.2
135,16:30:47,31.3,74.2
136,16:30:48,31.3,75.3
137,16:30:49,31.2,75.6
138,16:30:50,31.2,74.5
139,16:30:51,31.2,75.6
140,16:30:52,31.4,75.9
141,16:30:53,31.3,75.9
142,16:30:54,31.4,75.5
143,16:30:55,31.2,75.7
144,16:30:56,31.3,75.7
145,16:30:57,31.4,75.6
146,16:30:58,31.5,75.5
147,16:30:59,31.5,75.4
148,16:31:0,31.5,75.8
149,16:31:1,31.6,76.2
150,16:31:2,31.5,77.1
151,16:31:3,31.5,76.1
152,16:31:4,31.6,75.8
153,16:31:5,31.6,75.1
154,16:31:6,31.6,76.6
155,16:31:7,31.6,76.3
156,16:31:8,31.7,76.2
157,16:31:9,31.6,75.0
158,16:31:10,31.7,75.8
159,16:31:11,31.7,76.3
160,16:31:12,31.7,76.3
161,16:31:13,31.8,76.4
162,16:31:14,31.8,76.3
163,16:31:15,31.8,76.1
164,16:31:16,31.8,74.9
165,16:31:17,31.8,77.3
166,16:31:18,31.9,76.3
167,16:31:19,31.8,76.4
168,16:31:20,31.9,75.2
169,16:31:21,32.0,76.7
170,16:31:22,32.0,76.6
171,16:31:23,31.9,76.6
172,16:31:24,32.0,76.6
173,16:31:25,32.0,76.5
174,16:31:26,31.9,77.1
175,16:31:27,32.0,76.8
176,16:31:28,32.1,78.3
177,16:31:29,32.0,76.5
178,16:31:30,32.1,76.4
179,16:31:31,32.1,77.7
180,16:31:32,32.1,75.4
181,16:31:33,32.1,76.6
182,16:31:34,32.1,77.2
183,16:31:35,32.2,76.8
184,16:31:36,32.1,77.2
185,16:31:37,32.2,76.8
186,16:31:38,32.2,76.7
187,16:31:39,32.3,76.8
188,16:31:40,32.2,77.3
189,16:31:41,32.3,77.0
190,16:31:42,32.3,77.1
191,16:31:43,32.2,76.7
192,16:31:44,32.2,77.1
193,16:31:45,32.2,77.3
194,16:31:46,32.3,75.9
195,16:31:47,32.4,76.3
196,16:31:48,32.4,77.2
197,16:31:49,32.3,77.4
198,16:31:50,32.4,77.4
199,16:31:51,32.5,77.4
200,16:31:52,32.4,77.2
201,16:31:53,32.5,77.5
202,16:31:54,32.5,77.4
203,16:31:55,32.5,77.5
204,16:31:56,32.6,77.6
205,16:31:57,32.6,77.8
206,16:31:58,32.6,77.5
207,16:31:59,32.6,77.5
208,16:32:0,32.7,77.3
209,16:32:1,32.5,77.5
210,16:32:2,32.6,78.0
211,16:32:3,32.6,77.7
212,16:32:4,32.7,77.7
213,16:32:5,32.7,78.0
214,16:32:6,32.7,77.7
215,16:32:7,32.6,77.7
216,16:32:8,32.8,77.8
217,16:32:9,32.8,77.8
218,16:32:10,32.7,77.9
219,16:32:11,32.7,78.8
220,16:32:12,32.8,79.2
221,16:32:13,32.7,78.5
222,16:32:14,32.8,77.8
223,16:32:15,32.8,77.9
224,16:32:16,32.8,78.2
225,16:32:17,32.8,77.9
226,16:32:18,32.8,77.8
227,16:32:19,32.8,77.7
228,16:32:20,32.9,78.0
229,16:32:21,33.0,77.6
230,16:32:22,33.0,77.8
231,16:32:23,32.9,77.7
232,16:32:24,33.0,77.9
233,16:32:25,33.0,78.2
234,16:32:26,33.0,77.9
235,16:32:27,32.9,77.5
236,16:32:28,33.0,78.0
237,16:32:29,33.0,78.1
238,16:32:30,33.0,78.2
239,16:32:31,33.0,78.7
240,16:32:32,33.1,78.2
241,16:32:33,33.0,78.1
242,16:32:34,33.0,77.9
243,16:32:35,33.2,78.2
244,16:32:36,33.2,78.2
245,16:32:37,33.2,78.6
246,16:32:38,33.1,78.1
247,16:32:39,33.1,78.5
248,16:32:40,33.1,78.2
249,16:32:41,33.1,78.2
250,16:32:42,33.3,78.3
251,16:32:43,33.1,78.3
252,16:32:44,33.2,78.1
253,16:32:45,33.2,78.3
254,16:32:46,33.2,77.5
255,16:32:47,33.2,78.9
256,16:32:48,33.4,78.4
257,16:32:49,33.3,77.9
258,16:32:50,33.3,78.5
259,16:32:51,33.4,78.1
260,16:32:52,33.3,78.5
261,16:32:53,33.3,78.4
262,16:32:54,33.4,78.5
263,16:32:55,33.4,78.5
264,16:32:56,33.5,78.5
265,16:32:57,33.3,78.2
266,16:32:58,33.6,78.8
267,16:32:59,33.5,78.5
268,16:33:0,33.5,79.1
269,16:33:1,33.5,79.3
270,16:33:2,33.5,77.9
271,16:33:3,33.5,78.5
272,16:33:4,33.4,78.5
273,16:33:5,33.5,77.9
274,16:33:6,33.5,78.6
275,16:33:7,33.5,78.6
276,16:33:8,33.5,78.5
277,16:33:9,33.5,78.7
278,16:33:10,33.5,78.7
279,16:33:11,33.5,78.7
280,16:33:12,33.6,78.4
281,16:33:13,33.7,78.6
282,16:33:14,33.6,78.8
283,16:33:15,33.8,79.1
284,16:33:16,33.6,77.7
285,16:33:17,33.6,77.6
286,16:33:18,33.7,78.6
287,16:33:19,33.6,79.0
288,16:33:20,33.6,79.2
289,16:33:21,33.7,78.8
290,16:33:22,33.6,78.8
291,16:33:23,33.8,78.7
292,16:33:24,33.7,79.1
293,16:33:25,33.7,79.0
294,16:33:26,33.8,79.1
295,16:33:27,33.8,78.9
296,16:33:28,33.8,79.3
297,16:33:29,33.8,79.0
298,16:33:30,33.9,79.2
299,16:33:31,33.9,78.7
300,16:33:32,33.9,78.8
301,16:33:33,33.9,79.4
302,16:33:34,33.8,81.7
303,16:33:35,33.8,79.0
304,16:33:36,33.9,79.3
305,16:33:37,33.9,79.3
306,16:33:38,33.9,79.0
307,16:33:40,33.9,79.3
308,16:33:41,33.9,79.5
309,16:33:42,34.0,79.1
310,16:33:43,33.9,79.3
311,16:33:44,34.0,79.3
312,16:33:45,33.9,79.6
313,16:33:46,34.1,79.3
314,16:33:47,34.1,79.4
315,16:33:48,34.0,79.4
316,16:33:49,34.1,79.2
317,16:33:50,34.0,79.2
318,16:33:51,34.1,80.1
319,16:33:52,34.1,81.1
320,16:33:53,34.0,79.4
321,16:33:54,34.1,79.4
322,16:33:55,34.1,79.6
323,16:33:56,34.1,79.7
324,16:33:57,34.1,79.7
325,16:33:58,34.1,79.9
326,16:33:59,34.1,79.6
327,16:34:0,34.1,79.5
328,16:34:1,34.0,79.9
329,16:34:2,34.2,79.6
330,16:34:3,34.2,79.8
331,16:34:4,34.1,79.7
332,16:34:5,34.1,79.8
333,16:34:6,33.9,79.3
334,16:34:7,34.1,79.6
335,16:34:8,34.2,80.0
336,16:34:9,34.2,79.8
337,16:34:10,34.2,80.2
338,16:34:11,34.1,79.4
339,16:34:12,34.3,79.6
340,16:34:13,34.3,79.8
341,16:34:14,34.3,80.0
342,16:34:15,34.4,80.2
343,16:34:16,34.2,79.8
344,16:34:17,34.2,79.9
345,16:34:18,34.1,79.7
346,16:34:19,34.3,80.0
347,16:34:20,34.2,79.9
348,16:34:21,34.3,80.1
349,16:34:22,34.4,79.2
350,16:34:23,34.4,80.3
351,16:34:24,34.3,80.0
352,16:34:25,34.3,81.2
353,16:34:26,34.3,81.8
354,16:34:27,34.5,80.2
355,16:34:28,34.4,80.0
356,16:34:29,34.4,80.3
357,16:34:30,34.3,80.3
358,16:34:31,34.3,80.0
359,16:34:32,34.4,80.3
360,16:34:33,34.4,80.2
361,16:34:34,34.5,80.5
362,16:34:35,34.5,80.0
363,16:34:36,34.5,80.7
364,16:34:37,34.3,79.5
365,16:34:38,34.5,80.4
366,16:34:39,34.5,80.2
367,16:34:40,34.6,78.9
368,16:34:41,34.5,79.1
369,16:34:42,34.5,80.4
370,16:34:43,34.5,80.6
371,16:34:44,34.5,79.0
372,16:34:45,34.5,80.3
373,16:34:46,34.5,80.4
374,16:34:47,34.5,80.5
375,16:34:48,34.5,80.2
376,16:34:49,34.6,80.5
377,16:34:50,34.7,80.6
378,16:34:51,34.6,80.4
379,16:34:52,34.7,80.6
380,16:34:53,34.6,80.8
381,16:34:54,34.6,80.6
382,16:34:55,34.7,80.5
383,16:34:56,34.7,79.5
384,16:34:57,34.7,80.3
385,16:34:58,34.7,80.8
386,16:34:59,34.7,81.1
387,16:35:0,34.7,80.6
388,16:35:1,34.7,80.7
389,16:35:2,34.7,80.9
390,16:35:3,34.7,81.0
391,16:35:4,34.7,80.9
392,16:35:5,34.7,80.5
393,16:35:6,34.7,80.9
394,16:35:7,34.7,80.8
395,16:35:8,34.7,80.6
396,16:35:9,34.7,82.3
397,16:35:10,35.0,80.8
398,16:35:11,34.8,79.6
399,16:35:12,34.8,80.5
400,16:35:13,34.8,81.1
401,16:35:14,34.7,79.9
402,16:35:15,34.8,80.5
403,16:35:16,34.8,80.7
404,16:35:17,34.8,81.1
405,16:35:18,34.9,81.0
406,16:35:19,34.9,80.9
407,16:35:20,34.9,81.1
408,16:35:21,34.8,80.9
409,16:35:22,34.8,80.9
410,16:35:23,34.8,80.9
411,16:35:24,35.0,80.9
412,16:35:25,35.0,80.9
413,16:35:26,35.0,80.7
414,16:35:27,34.9,81.1
415,16:35:28,34.9,81.1
416,16:35:29,34.9,81.6
417,16:35:30,34.8,80.7
418,16:35:31,35.0,81.1
419,16:35:32,34.9,81.3
420,16:35:33,34.9,83.0
421,16:35:34,34.9,81.3
422,16:35:35,35.0,81.3
423,16:35:36,35.0,81.2
424,16:35:37,34.9,81.3
425,16:35:38,35.0,81.2
426,16:35:39,35.0,81.4
427,16:35:40,35.0,81.1
428,16:35:41,35.0,81.2
429,16:35:42,35.0,81.0
430,16:35:43,35.1,81.6
431,16:35:44,35.1,81.2
432,16:35:45,35.0,81.5
433,16:35:46,35.1,81.2
434,16:35:47,35.0,81.2
435,16:35:48,34.9,81.7
436,16:35:49,35.2,82.4
437,16:35:50,35.1,81.4
438,16:35:51,35.1,81.4
439,16:35:52,35.2,81.7
440,16:35:53,35.2,81.7
441,16:35:54,35.2,81.5
442,16:35:55,35.1,81.4
443,16:35:56,35.1,81.4
444,16:35:57,35.2,81.0
445,16:35:58,35.1,82.5
446,16:35:59,35.1,81.4
447,16:36:0,35.3,81.4
448,16:36:1,35.2,81.2
449,16:36:2,35.2,81.4
450,16:36:3,35.2,81.6
451,16:36:4,35.2,80.8
452,16:36:5,35.2,81.7
453,16:36:6,35.1,81.3
454,16:36:7,35.2,80.0
455,16:36:8,35.2,81.7
456,16:36:9,35.3,81.4
457,16:36:10,35.3,81.6
458,16:36:11,35.3,81.5
459,16:36:12,35.3,81.6
460,16:36:13,35.3,81.5
461,16:36:14,35.3,81.5
462,16:36:15,35.3,81.6
463,16:36:16,35.3,81.7
464,16:36:17,35.3,81.5
465,16:36:18,35.3,81.8
466,16:36:19,35.4,81.3
467,16:36:20,35.3,81.7
468,16:36:21,35.2,81.6
469,16:36:22,35.4,81.8
470,16:36:23,35.3,81.2
471,16:36:24,35.3,81.8
472,16:36:25,35.2,81.4
473,16:36:26,35.4,81.3
474,16:36:27,35.4,81.8
475,16:36:28,35.4,81.8
476,16:36:29,35.3,81.6
477,16:36:30,35.4,82.4
478,16:36:31,35.4,81.6
479,16:36:32,35.3,81.6
480,16:36:33,35.4,81.9
481,16:36:34,35.3,81.9
482,16:36:35,35.4,81.9
483,16:36:36,35.4,81.9
484,16:36:37,35.4,82.8
485,16:36:38,35.4,83.5
486,16:36:39,35.4,81.7
487,16:36:40,35.4,81.7
488,16:36:41,35.4,82.5
489,16:36:42,35.4,81.9
490,16:36:44,35.5,81.8
491,16:36:45,35.5,82.0
492,16:36:46,35.4,81.8
493,16:36:47,35.4,81.7
494,16:36:48,35.6,82.1
495,16:36:49,35.5,81.9
496,16:36:50,35.7,82.0
497,16:36:51,35.5,81.9
498,16:36:52,35.5,82.0
499,16:36:53,35.5,82.4
500,16:36:54,35.7,84.1
501,16:36:55,35.5,82.2
502,16:36:56,35.6,82.3
503,16:36:57,35.4,80.9
504,16:36:58,35.6,83.1
505,16:36:59,35.6,82.1
506,16:37:0,35.7,82.3
507,16:37:1,35.6,81.9
508,16:37:2,35.6,82.4
509,16:37:3,35.7,83.5
510,16:37:4,35.6,82.2
511,16:37:5,35.6,82.1
512,16:37:6,35.6,82.2
513,16:37:7,35.6,81.8
514,16:37:8,35.7,82.3
515,16:37:9,35.5,82.3
516,16:37:10,35.7,82.5
517,16:37:11,35.6,82.3
518,16:37:12,35.6,83.1
519,16:37:13,35.6,80.9
520,16:37:14,35.6,82.4
521,16:37:15,35.6,82.1
522,16:37:16,35.7,83.6
523,16:37:17,35.7,83.4
524,16:37:18,35.6,82.4
525,16:37:19,35.7,82.2
526,16:37:20,35.6,82.3
527,16:37:21,35.6,82.5
528,16:37:22,35.7,82.3
529,16:37:23,35.6,82.5
530,16:37:24,35.7,82.5
531,16:37:25,35.7,82.4
532,16:37:26,35.9,82.0
533,16:37:27,35.5,82.6
534,16:37:28,35.6,82.9
535,16:37:29,35.7,82.5
536,16:37:30,35.8,82.3
537,16:37:31,35.8,82.0
538,16:37:32,35.9,83.4
539,16:37:33,35.8,82.5
540,16:37:34,35.8,82.6
541,16:37:35,35.8,83.8
542,16:37:36,35.8,82.5
543,16:37:37,35.7,82.5
544,16:37:38,35.8,82.6
545,16:37:39,35.8,82.7
546,16:37:40,35.9,82.5
547,16:37:41,35.9,82.6
548,16:37:42,35.8,82.6
549,16:37:43,35.9,82.5
550,16:37:44,35.8,82.5
551,16:37:45,35.8,82.7
552,16:37:46,35.9,81.0
553,16:37:47,35.8,83.6
554,16:37:48,35.8,82.5
555,16:37:49,35.9,82.7
556,16:37:50,35.9,82.2
557,16:37:51,36.0,82.3
558,16:37:52,35.9,83.2
559,16:37:53,35.9,82.5
560,16:37:54,35.8,82.7
561,16:37:55,35.9,83.1
562,16:37:56,35.9,82.7
563,16:37:57,35.9,82.7
564,16:37:58,35.9,82.8
565,16:37:59,35.9,82.7
566,16:38:0,35.9,82.7
567,16:38:1,35.8,83.2
568,16:38:2,35.7,82.8
569,16:38:3,36.0,83.0
570,16:38:4,36.0,82.7
571,16:38:5,35.9,81.6
572,16:38:6,36.0,84.1
573,16:38:7,36.0,83.1
574,16:38:8,35.9,82.6
575,16:38:9,36.0,83.0
576,16:38:10,35.9,83.2
577,16:38:11,35.9,82.6
578,16:38:12,36.0,82.9
579,16:38:13,36.0,83.1
580,16:38:14,35.9,82.8
581,16:38:15,36.1,83.0
582,16:38:16,36.0,83.0
583,16:38:17,36.0,81.9
584,16:38:18,36.0,82.9
585,16:38:19,36.0,83.0
586,16:38:20,36.0,84.4
587,16:38:21,36.0,82.6
588,16:38:22,36.0,83.2
589,16:38:23,36.2,82.9
590,16:38:24,36.1,82.4
591,16:38:25,36.1,82.7
592,16:38:26,36.0,83.1
593,16:38:27,36.0,83.0
594,16:38:28,36.1,82.9
595,16:38:29,36.1,83.0
596,16:38:30,36.0,83.3
597,16:38:31,36.1,82.9
598,16:38:32,36.1,83.2
599,16:38:33,36.0,83.1
600,16:38:34,36.1,83.2
601,16:38:35,35.9,82.6
602,16:38:36,36.2,84.0
603,16:38:37,36.1,82.9
604,16:38:38,36.1,82.9
605,16:38:39,36.2,81.8
606,16:38:40,36.1,82.9
607,16:38:41,36.1,83.0
608,16:38:42,36.2,82.9
609,16:38:43,36.2,83.2
610,16:38:44,36.2,83.1
611,16:38:45,36.1,83.2
612,16:38:46,36.2,83.1
613,16:38:47,36.1,83.2
614,16:38:48,36.1,83.1
615,16:38:49,36.2,83.0
616,16:38:50,36.2,82.9
617,16:38:51,36.2,82.9
618,16:38:52,36.2,83.1
619,16:38:53,36.2,83.2
620,16:38:54,36.0,83.1
621,16:38:55,36.2,85.1
622,16:38:56,36.2,83.0
623,16:38:57,36.2,83.2
624,16:38:58,36.1,82.9
625,16:38:59,36.3,83.6
626,16:39:0,36.3,83.8
627,16:39:1,36.2,82.8
628,16:39:2,36.2,83.3
629,16:39:3,36.2,83.3
630,16:39:4,36.2,83.1
631,16:39:5,36.3,83.3
632,16:39:6,36.2,83.3
633,16:39:7,36.2,83.1
634,16:39:8,36.3,83.5
635,16:39:9,36.2,83.2
636,16:39:10,36.4,83.1
637,16:39:11,36.3,83.4
638,16:39:12,36.3,83.3
639,16:39:13,36.3,84.4
640,16:39:14,36.2,84.4
641,16:39:15,36.3,83.6
642,16:39:16,36.3,83.5
643,16:39:17,36.3,83.4
644,16:39:18,36.4,83.3
645,16:39:19,36.4,83.3
646,16:39:20,36.3,83.3
647,16:39:21,36.3,83.4
648,16:39:22,36.3,83.0
649,16:39:23,36.3,83.4
650,16:39:24,36.3,83.4
651,16:39:25,36.4,83.5
652,16:39:26,36.4,83.5
653,16:39:27,36.4,83.4
654,16:39:28,36.4,84.3
655,16:39:29,36.4,84.1
656,16:39:30,36.4,83.7
657,16:39:31,36.3,83.8
658,16:39:32,36.4,82.8
659,16:39:33,36.3,83.3
660,16:39:34,36.4,83.5
661,16:39:35,36.5,83.4
662,16:39:36,36.5,83.5
663,16:39:37,36.5,83.4
664,16:39:38,36.4,83.8
665,16:39:39,36.5,83.8
666,16:39:40,36.5,83.5
667,16:39:41,36.4,83.7
668,16:39:42,36.5,83.7
669,16:39:43,36.4,83.4
670,16:39:44,36.6,83.5
671,16:39:45,36.5,83.8
672,16:39:46,36.5,83.6
673,16:39:47,36.5,82.7
674,16:39:48,36.4,84.8
675,16:39:50,36.5,83.7
676,16:39:51,36.6,83.5
677,16:39:52,36.4,83.0
678,16:39:53,36.6,82.3
679,16:39:54,36.4,83.7
680,16:39:55,36.5,83.8
681,16:39:56,36.5,83.8
682,16:39:57,36.5,83.4
683,16:39:58,36.5,84.0
684,16:39:59,36.5,83.6
685,16:40:0,36.5,83.7
686,16:40:1,36.5,84.1
687,16:40:2,36.5,83.7
688,16:40:3,36.6,83.7
689,16:40:4,36.6,83.9
690,16:40:5,36.6,83.6
691,16:40:6,36.5,83.9
692,16:40:7,36.7,83.5
693,16:40:8,36.4,84.0
694,16:40:9,36.6,83.5
695,16:40:10,36.5,84.0
696,16:40:11,36.5,83.7
697,16:40:12,36.6,84.1
698,16:40:13,36.6,82.7
699,16:40:14,36.5,84.0
700,16:40:15,36.6,83.4
701,16:40:16,36.7,84.0
702,16:40:17,36.5,83.8
703,16:40:18,36.7,84.1
704,16:40:19,36.6,83.7
705,16:40:20,36.5,84.0
706,16:40:21,36.6,83.5
707,16:40:22,36.5,83.8
708,16:40:23,36.7,83.7
709,16:40:24,36.7,83.9
710,16:40:25,36.7,84.1
711,16:40:26,36.6,85.6
712,16:40:27,36.7,84.4
713,16:40:28,36.7,84.8
714,16:40:29,36.6,84.4
715,16:40:30,36.7,84.0
716,16:40:31,36.8,83.5
717,16:40:32,36.7,83.7
718,16:40:33,36.7,83.8
719,16:40:34,36.7,84.0
720,16:40:35,36.7,84.3
721,16:40:36,36.7,84.2
722,16:40:37,36.7,84.0
723,16:40:38,36.6,84.0
724,16:40:39,36.7,84.1
725,16:40:40,36.6,83.8
726,16:40:41,36.7,84.0
727,16:40:42,36.8,84.2
728,16:40:43,36.8,86.9
729,16:40:44,36.7,84.3
730,16:40:45,36.7,84.1
731,16:40:46,36.7,84.9
732,16:40:47,36.6,82.3
733,16:40:48,36.7,84.1
734,16:40:49,36.8,84.2
735,16:40:50,36.7,83.1
736,16:40:51,36.7,84.4
737,16:40:52,36.7,84.1
738,16:40:53,36.7,84.1
739,16:40:54,36.8,84.4
740,16:40:55,36.7,84.1
741,16:40:56,36.7,84.3
742,16:40:57,36.7,84.5
743,16:40:58,36.8,84.4
744,16:40:59,36.8,84.1
745,16:41:0,36.8,84.3
746,16:41:1,36.8,84.0
747,16:41:2,36.8,85.3
748,16:41:3,36.8,84.2
749,16:41:4,36.8,84.2
750,16:41:5,36.9,84.1
751,16:41:6,36.7,83.4
752,16:41:7,36.8,84.2
753,16:41:8,36.9,84.4
754,16:41:9,36.7,84.1
755,16:41:10,36.9,84.2
756,16:41:11,36.9,84.3
757,16:41:12,36.8,84.3
758,16:41:13,36.9,83.9
759,16:41:14,36.9,84.2
760,16:41:15,36.9,84.4
761,16:41:16,37.0,84.3
762,16:41:17,36.9,84.3
763,16:41:18,36.8,84.3
764,16:41:19,36.9,84.3
765,16:41:20,36.7,84.5
766,16:41:21,36.8,83.2
767,16:41:22,36.9,84.4
768,16:41:23,37.0,84.4
769,16:41:24,36.8,85.7
770,16:41:25,36.9,85.4
771,16:41:26,36.9,84.5
772,16:41:27,36.8,84.7
773,16:41:28,36.9,84.4
774,16:41:29,36.9,84.1
775,16:41:30,37.0,84.3
776,16:41:31,37.0,84.2
777,16:41:32,37.0,84.1
778,16:41:33,36.9,84.2
779,16:41:34,37.0,84.8
780,16:41:35,37.0,84.5
781,16:41:36,37.0,85.7
782,16:41:37,36.8,84.4
783,16:41:38,36.9,84.4
784,16:41:39,36.9,83.6
785,16:41:40,37.0,83.3
786,16:41:41,37.0,84.5
787,16:41:42,37.0,84.3
788,16:41:43,37.0,83.5
789,16:41:44,37.0,83.9
790,16:41:45,36.9,84.2
791,16:41:46,36.9,84.1
792,16:41:47,37.0,84.2
793,16:41:48,36.9,84.5
794,16:41:49,37.0,84.2
795,16:41:50,37.0,84.5
796,16:41:51,37.0,84.3
797,16:41:52,37.0,84.7
798,16:41:53,37.1,84.3
799,16:41:54,37.0,83.5
800,16:41:55,37.0,85.1
801,16:41:56,37.0,84.3
802,16:41:57,37.0,84.4
803,16:41:58,37.0,84.1
804,16:41:59,37.0,84.2
805,16:42:0,37.0,84.2
806,16:42:1,36.9,84.2
807,16:42:2,37.1,84.3
808,16:42:3,37.0,84.2
809,16:42:4,37.1,84.3
810,16:42:5,37.0,84.1
811,16:42:6,37.1,84.1
812,16:42:7,37.1,84.4
813,16:42:8,37.1,84.5
814,16:42:9,37.2,83.4
815,16:42:10,37.0,85.2
816,16:42:11,37.1,84.3
817,16:42:12,37.1,84.4
818,16:42:13,37.0,85.8
819,16:42:14,37.1,84.6
820,16:42:15,37.1,84.5
821,16:42:16,37.1,84.3
822,16:42:17,37.1,84.4
823,16:42:18,37.1,84.3
824,16:42:19,37.0,84.3
825,16:42:20,37.1,84.3
826,16:42:21,37.1,84.4
827,16:42:22,37.1,84.3
828,16:42:23,37.1,85.3
829,16:42:24,37.2,84.3
830,16:42:25,37.4,82.9
831,16:42:26,37.2,84.4
832,16:42:27,37.1,84.3
833,16:42:28,37.2,83.7
834,16:42:29,37.0,84.6
835,16:42:30,37.2,84.4
836,16:42:31,37.0,84.8
837,16:42:32,37.1,84.4
838,16:42:33,37.2,84.5
839,16:42:34,37.1,84.4
840,16:42:35,37.3,84.7
841,16:42:36,37.2,84.4
842,16:42:37,37.2,84.4
843,16:42:38,37.2,84.4
844,16:42:39,37.3,84.4
845,16:42:40,37.0,83.9
846,16:42:41,37.3,84.7
847,16:42:42,37.2,84.3
848,16:42:43,37.4,84.5
849,16:42:44,37.3,85.1
850,16:42:45,37.1,84.4
851,16:42:46,37.3,84.5
852,16:42:47,37.3,84.8
853,16:42:48,37.3,84.4
854,16:42:49,37.3,84.8
855,16:42:50,37.3,84.5
856,16:42:51,37.2,84.7
857,16:42:52,37.3,84.4
858,16:42:53,37.3,84.6
859,16:42:54,37.2,84.4
860,16:42:56,37.1,84.9
861,16:42:57,37.2,84.5
862,16:42:58,37.2,84.8
863,16:42:59,37.4,82.8
864,16:43:0,37.3,86.3
865,16:43:1,37.4,84.6
866,16:43:2,37.3,84.7
867,16:43:3,37.4,85.8
868,16:43:4,37.2,84.6
869,16:43:5,37.3,84.6
870,16:43:6,37.3,84.7
871,16:43:7,37.3,85.0
872,16:43:8,37.4,84.6
873,16:43:9,37.4,84.6
874,16:43:10,37.2,84.5
875,16:43:11,37.3,84.6
876,16:43:12,37.3,84.8
877,16:43:13,37.1,84.5
878,16:43:14,37.4,83.8
879,16:43:15,37.2,84.3
880,16:43:16,37.3,84.9
881,16:43:17,37.4,84.8
882,16:43:18,37.3,86.3
883,16:43:19,37.3,83.4
884,16:43:20,37.5,84.9
885,16:43:21,37.3,84.6
886,16:43:22,37.4,84.6
887,16:43:23,37.4,85.0
888,16:43:24,37.3,84.7
889,16:43:25,37.3,84.6
890,16:43:26,37.4,84.3
891,16:43:27,37.5,84.8
892,16:43:28,37.3,84.8
893,16:43:29,37.6,84.6
894,16:43:30,37.5,84.8
895,16:43:31,37.4,84.9
896,16:43:32,37.4,84.4
897,16:43:33,37.4,83.8
898,16:43:34,37.5,85.0
899,16:43:35,37.5,85.0
900,16:43:36,37.5,84.7
901,16:43:37,37.5,84.9
902,16:43:38,37.4,84.9
903,16:43:39,37.5,84.7
904,16:43:40,37.3,84.8
905,16:43:41,37.3,85.0
906,16:43:42,37.5,84.9
907,16:43:43,37.5,84.9
908,16:43:44,37.5,84.3
909,16:43:45,37.5,84.7
910,16:43:46,37.5,84.8
911,16:43:47,37.5,86.0
912,16:43:48,37.6,83.3
913,16:43:49,37.4,86.0
914,16:43:50,37.5,84.9
915,16:43:51,37.4,85.0
916,16:43:52,37.5,84.8
917,16:43:53,37.4,85.0
918,16:43:54,37.4,84.8
919,16:43:55,37.5,85.0
920,16:43:56,37.6,84.9
921,16:43:57,37.5,84.9
922,16:43:58,37.5,85.0
923,16:43:59,37.5,85.1
924,16:44:0,37.6,84.9
925,16:44:1,37.5,85.0
926,16:44:2,37.5,85.0
927,16:44:3,37.5,84.7
928,16:44:4,37.5,85.1
929,16:44:5,37.5,85.2
930,16:44:6,37.5,84.6
931,16:44:7,37.5,86.0
932,16:44:8,37.5,85.1
933,16:44:9,37.5,84.8
934,16:44:10,37.4,85.0
935,16:44:11,37.5,84.9
936,16:44:12,37.6,85.0
937,16:44:13,37.5,84.9
938,16:44:14,37.5,84.8
939,16:44:15,37.6,84.8
940,16:44:16,37.6,84.9
941,16:44:17,37.5,84.4
942,16:44:18,37.5,84.6
943,16:44:19,37.6,86.3
944,16:44:20,37.5,85.1
945,16:44:21,37.5,84.9
946,16:44:22,37.5,84.8
947,16:44:23,37.5,85.1
948,16:44:24,37.5,84.9
949,16:44:25,37.5,84.8
950,16:44:26,37.6,85.2
951,16:44:27,37.7,85.0
952,16:44:28,37.5,85.3
953,16:44:29,37.7,85.9
954,16:44:30,37.7,85.0
955,16:44:31,37.6,85.0
956,16:44:32,37.5,84.6
957,16:44:33,37.7,84.9
958,16:44:34,37.7,84.7
959,16:44:35,37.6,85.2
960,16:44:36,37.6,85.0
961,16:44:37,37.6,85.0
962,16:44:38,37.7,85.3
963,16:44:39,37.6,85.1
964,16:44:40,37.6,85.6
965,16:44:41,37.6,85.1
966,16:44:42,37.6,85.0
967,16:44:43,37.6,85.0
968,16:44:44,37.6,85.6
969,16:44:45,37.6,85.1
970,16:44:46,37.7,85.3
971,16:44:47,37.6,84.8
972,16:44:48,37.6,85.0
973,16:44:49,37.6,85.0
974,16:44:50,37.7,85.4
975,16:44:51,37.7,87.1
976,16:44:52,37.7,85.2
977,16:44:53,37.6,85.3
978,16:44:54,37.6,85.2
979,16:44:55,37.7,85.2
980,16:44:56,37.7,85.0
981,16:44:57,37.6,85.1
982,16:44:58,37.6,85.3
983,16:44:59,37.8,85.2
984,16:45:0,37.6,85.2
985,16:45:1,37.6,85.1
986,16:45:2,37.7,85.4
987,16:45:3,37.6,85.2
988,16:45:4,37.7,86.0
989,16:45:5,37.6,85.1
990,16:45:6,37.7,84.9
991,16:45:7,37.7,84.1
992,16:45:8,37.6,83.9
993,16:45:9,37.8,85.4
994,16:45:10,37.7,85.5
995,16:45:11,37.6,85.3
996,16:45:12,37.8,85.3
997,16:45:13,37.8,85.2
998,16:45:14,37.8,85.0
999,16:45:15,37.7,84.9
1000,16:45:16,37.8,85.2
1001,16:45:17,37.8,85.1
1002,16:45:18,37.8,85.3
1003,16:45:19,37.7,85.1
1004,16:45:20,37.8,85.2
1005,16:45:21,37.9,85.3
1006,16:45:22,37.7,85.3
1007,16:45:23,37.7,84.7
1008,16:45:24,37.7,85.4
1009,16:45:25,37.7,85.2
1010,16:45:26,37.8,84.5
1011,16:45:27,37.7,87.4
1012,16:45:28,37.8,85.5
1013,16:45:29,37.8,85.1
1014,16:45:30,37.8,86.3
1015,16:45:31,37.8,85.4
1016,16:45:32,37.8,84.7
1017,16:45:33,37.7,85.3
1018,16:45:34,37.7,85.7
1019,16:45:35,37.8,85.3
1020,16:45:36,37.8,85.5
1021,16:45:37,37.7,85.0
1022,16:45:38,37.7,85.3
1023,16:45:39,37.8,84.9
1024,16:45:40,37.8,85.3
1025,16:45:41,37.8,85.3
1026,16:45:42,37.8,85.8
1027,16:45:43,37.7,85.1
1028,16:45:44,37.8,85.4
1029,16:45:45,37.8,85.3
1030,16:45:46,37.6,85.9
1031,16:45:47,37.8,84.6
1032,16:45:48,37.9,85.6
1033,16:45:49,37.8,85.3
1034,16:45:50,37.8,86.3
1035,16:45:51,37.8,85.8
1036,16:45:52,37.8,85.7
1037,16:45:54,37.9,85.6
1038,16:45:55,37.9,86.3
1039,16:45:56,37.8,85.7
1040,16:45:57,37.9,85.1
1041,16:45:58,37.9,85.3
1042,16:45:59,37.8,85.8
1043,16:46:0,37.9,85.2
1044,16:46:1,37.8,85.6
1045,16:46:2,37.8,85.1
1046,16:46:3,37.8,85.5
1047,16:46:4,37.8,85.3
1048,16:46:5,37.8,85.3
1049,16:46:6,37.8,85.5
1050,16:46:7,37.8,85.3
1051,16:46:8,38.0,85.3
1052,16:46:9,37.9,85.3
1053,16:46:10,37.8,87.3
1054,16:46:11,37.8,85.0
1055,16:46:12,37.9,84.0
1056,16:46:13,37.8,85.5
1057,16:46:14,37.9,85.1
1058,16:46:15,37.9,85.1
1059,16:46:16,37.9,85.6
1060,16:46:17,37.9,85.5
1061,16:46:18,37.9,85.5
1062,16:46:19,37.9,85.8
1063,16:46:20,37.9,85.4
1064,16:46:21,37.9,85.9
1065,16:46:22,37.9,85.5
1066,16:46:23,37.9,86.7
1067,16:46:24,37.9,85.6
1068,16:46:25,37.9,85.4
1069,16:46:26,38.0,85.6
1070,16:46:27,37.9,85.4
1071,16:46:28,38.0,85.5
1072,16:46:29,37.9,85.4
1073,16:46:30,37.9,86.1
1074,16:46:31,37.8,85.4
1075,16:46:32,37.9,85.6
1076,16:46:33,38.0,85.4
1077,16:46:34,38.0,84.0
1078,16:46:35,37.9,84.1
1079,16:46:36,38.1,84.7
1080,16:46:37,38.0,85.7
1081,16:46:38,38.0,85.2
1082,16:46:39,37.9,85.1
1083,16:46:40,38.0,85.3
1084,16:46:41,38.0,85.4
1085,16:46:42,38.0,85.6
1086,16:46:43,38.0,85.7
1087,16:46:44,38.0,85.5
1088,16:46:45,38.0,85.6
1089,16:46:46,38.0,85.6
1090,16:46:47,38.0,85.4
1091,16:46:48,38.0,85.7
1092,16:46:49,38.0,85.6
1093,16:46:50,38.0,85.4
1094,16:46:51,38.0,85.4
1095,16:46:52,38.0,85.7
1096,16:46:53,38.0,85.6
1097,16:46:54,38.0,85.6
1098,16:46:55,37.8,85.2
1099,16:46:56,38.1,85.9
1100,16:46:57,38.0,85.4
1101,16:46:58,37.8,85.1
1102,16:46:59,38.0,84.6
1103,16:47:0,38.0,85.9
1104,16:47:1,38.0,85.7
1105,16:47:2,38.1,85.6
1106,16:47:3,38.0,84.9
1107,16:47:4,38.1,85.7
1108,16:47:5,38.0,85.8
1109,16:47:6,38.1,85.6
1110,16:47:7,38.1,85.7
1111,16:47:8,38.1,85.7
1112,16:47:9,38.1,85.7
1113,16:47:10,38.1,85.6
1114,16:47:11,38.1,85.5
1115,16:47:12,38.0,85.3
1116,16:47:13,38.0,85.3
1117,16:47:14,38.0,85.5
1118,16:47:15,38.2,86.2
1119,16:47:16,38.1,85.7
1120,16:47:17,38.1,85.6
1121,16:47:18,38.1,85.6
1122,16:47:19,38.1,87.0
1123,16:47:20,38.2,85.7
1124,16:47:21,38.2,85.9
1125,16:47:22,38.1,87.0
1126,16:47:23,38.1,86.3
1127,16:47:24,38.0,85.7
1128,16:47:25,38.1,85.7
1129,16:47:26,38.0,86.2
1130,16:47:27,38.2,85.5
1131,16:47:28,38.1,85.5
1132,16:47:29,38.1,85.8
1133,16:47:30,38.2,85.6
1134,16:47:31,38.2,85.4
1135,16:47:32,38.1,85.7
1136,16:47:33,38.1,85.7
1137,16:47:34,38.0,85.7
1138,16:47:35,38.1,85.9
1139,16:47:36,38.1,85.6
1140,16:47:37,38.0,85.8
1141,16:47:38,38.2,85.7
1142,16:47:39,38.2,85.9
1143,16:47:40,38.2,85.4
1144,16:47:41,38.1,86.2
1145,16:47:42,38.1,85.0
1146,16:47:43,38.1,85.9
1147,16:47:44,38.1,85.9
1148,16:47:45,38.2,86.4
1149,16:47:46,38.2,85.9
1150,16:47:47,38.2,85.5
1151,16:47:48,38.1,85.9
1152,16:47:49,38.1,85.5
1153,16:47:50,38.1,85.8
1154,16:47:51,38.2,85.9
1155,16:47:52,38.2,85.6
1156,16:47:53,38.2,85.9
1157,16:47:54,38.2,85.8
1158,16:47:55,38.2,85.4
1159,16:47:56,38.3,85.7
1160,16:47:57,38.3,85.3
1161,16:47:58,38.2,85.6
1162,16:47:59,38.1,85.7
1163,16:48:0,38.0,86.0
1164,16:48:1,38.2,84.9
1165,16:48:2,38.3,85.7
1166,16:48:3,38.2,85.9
1167,16:48:4,38.2,87.3
1168,16:48:5,38.1,86.1
1169,16:48:6,38.2,85.7
1170,16:48:7,38.2,86.1
1171,16:48:8,38.2,85.1
1172,16:48:9,38.2,85.4
1173,16:48:10,38.1,85.5
1174,16:48:11,38.2,85.8
1175,16:48:12,38.2,85.9
1176,16:48:13,38.3,85.8
1177,16:48:14,38.2,85.7
1178,16:48:15,38.1,85.5
1179,16:48:16,38.1,85.7
1180,16:48:17,38.2,85.8
1181,16:48:18,38.3,86.1
1182,16:48:19,38.0,86.0
1183,16:48:20,38.2,86.3
1184,16:48:21,38.2,85.8
1185,16:48:22,38.2,85.9
1186,16:48:23,38.2,87.6
1187,16:48:24,38.2,87.3
1188,16:48:25,38.1,85.7
1189,16:48:26,38.2,85.7
1190,16:48:27,38.2,85.9
1191,16:48:28,38.2,85.9
1192,16:48:29,38.2,86.1
1193,16:48:30,38.2,85.7
1194,16:48:31,38.2,85.7
1195,16:48:32,38.2,85.8
1196,16:48:33,38.3,86.0
1197,16:48:34,38.2,86.1
1198,16:48:35,38.2,86.2
1199,16:48:36,38.4,85.5
1200,16:48:37,38.3,85.9
1201,16:48:38,38.3,86.1
1202,16:48:39,38.3,85.8
1203,16:48:40,38.2,85.7
1204,16:48:41,38.2,85.9
1205,16:48:42,38.1,85.9
1206,16:48:43,38.1,86.1
1207,16:48:44,38.4,85.4
1208,16:48:45,38.3,86.3
1209,16:48:46,38.3,85.8
1210,16:48:48,38.2,85.9
1211,16:48:49,38.3,86.6
1212,16:48:50,38.3,85.9
1213,16:48:51,38.4,85.9
1214,16:48:52,38.2,85.9
1215,16:48:53,38.3,86.1
1216,16:48:54,38.4,86.1
1217,16:48:55,38.3,86.2
1218,16:48:56,38.3,86.2
1219,16:48:57,38.3,85.7
1220,16:48:58,38.4,86.3
1221,16:48:59,38.3,86.3
1222,16:49:0,38.3,86.4
1223,16:49:1,38.3,85.7
1224,16:49:2,38.4,85.6
1225,16:49:3,38.4,86.4
1226,16:49:4,38.1,85.5
1227,16:49:5,38.3,86.4
1228,16:49:6,38.4,86.4
1229,16:49:7,38.4,86.4
1230,16:49:8,38.3,86.6
1231,16:49:9,38.4,86.2
1232,16:49:10,38.5,86.2
1233,16:49:11,38.3,86.4
1234,16:49:12,38.3,86.1
1235,16:49:13,38.4,86.6
1236,16:49:14,38.4,85.8
1237,16:49:15,38.3,86.2
1238,16:49:16,38.4,85.9
1239,16:49:17,38.4,86.1
1240,16:49:18,38.3,86.1
1241,16:49:19,38.4,86.4
1242,16:49:20,38.4,86.2
1243,16:49:21,38.4,86.1
1244,16:49:22,38.4,86.8
1245,16:49:23,38.6,84.5
1246,16:49:24,38.4,86.1
1247,16:49:25,38.4,86.0
1248,16:49:26,38.4,86.9
1249,16:49:27,38.3,85.3
1250,16:49:28,38.4,85.6
1251,16:49:29,38.4,86.0
1252,16:49:30,38.4,86.3
1253,16:49:31,38.4,86.2
1254,16:49:32,38.4,86.3
1255,16:49:33,38.4,86.1
1256,16:49:34,38.5,86.0
1257,16:49:35,38.4,85.8
1258,16:49:36,38.4,85.2
1259,16:49:37,38.5,86.4
1260,16:49:38,38.3,86.3
1261,16:49:39,38.4,86.1
1262,16:49:40,38.4,86.2
1263,16:49:41,38.4,85.7
1264,16:49:42,38.5,84.4
1265,16:49:43,38.4,86.1
1266,16:49:44,38.4,86.1
1267,16:49:45,38.5,85.3
1268,16:49:46,38.3,86.3
1269,16:49:47,38.5,85.8
1270,16:49:48,38.4,86.1
1271,16:49:49,38.4,86.2
1272,16:49:50,38.4,86.2
1273,16:49:51,38.5,86.0
1274,16:49:52,38.5,86.3
1275,16:49:53,38.4,86.2
1276,16:49:54,38.4,86.3
1277,16:49:55,38.4,86.1
1278,16:49:56,38.3,85.9
1279,16:49:57,38.4,84.7
1280,16:49:58,38.3,86.2
1281,16:49:59,38.4,86.1
1282,16:50:0,38.4,88.0
1283,16:50:1,38.5,87.7
1284,16:50:2,38.4,86.5
1285,16:50:3,38.6,86.3
1286,16:50:4,38.4,86.6
1287,16:50:5,38.5,86.2
1288,16:50:6,38.5,86.4
1289,16:50:7,38.6,86.2
1290,16:50:8,38.6,86.3
1291,16:50:9,38.5,86.4
1292,16:50:10,38.5,86.2
1293,16:50:11,38.5,86.0
1294,16:50:12,38.4,86.3
1295,16:50:13,38.4,86.4
1296,16:50:14,38.6,86.1
1297,16:50:15,38.5,86.1
1298,16:50:16,38.6,85.5
1299,16:50:17,38.4,86.2
1300,16:50:18,38.5,86.6
1301,16:50:19,38.5,87.7
1302,16:50:20,38.5,85.7
1303,16:50:21,38.5,86.2
1304,16:50:22,38.5,86.2
1305,16:50:23,38.6,86.0
1306,16:50:24,38.5,86.2
1307,16:50:25,38.5,86.6
1308,16:50:26,38.5,86.5
1309,16:50:27,38.4,87.6
1310,16:50:28,38.5,86.3
1311,16:50:29,38.5,86.6
1312,16:50:30,38.5,86.2
1313,16:50:31,38.5,86.4
1314,16:50:32,38.5,86.3
1315,16:50:33,38.6,86.0
1316,16:50:34,38.4,86.2
1317,16:50:35,38.6,86.5
1318,16:50:36,38.5,86.3
1319,16:50:37,38.4,86.5
1320,16:50:38,38.7,85.2
1321,16:50:39,38.7,84.6
1322,16:50:40,38.5,85.9
1323,16:50:41,38.6,86.4
1324,16:50:42,38.5,87.6
1325,16:50:43,38.6,85.9
1326,16:50:44,38.5,87.1
1327,16:50:45,38.5,86.5
1328,16:50:46,38.6,86.5
1329,16:50:47,38.6,86.6
1330,16:50:48,38.5,86.3
1331,16:50:49,38.5,86.3
1332,16:50:50,38.6,86.6
1333,16:50:51,38.5,86.2
1334,16:50:52,38.6,86.2
1335,16:50:53,38.6,86.4
1336,16:50:54,38.6,86.4
1337,16:50:55,38.6,86.2
1338,16:50:56,38.5,86.6
1339,16:50:57,38.5,86.5
1340,16:50:58,38.7,86.7
1341,16:50:59,38.7,86.4
1342,16:51:0,38.7,86.5
1343,16:51:1,38.7,86.7
1344,16:51:2,38.6,85.1
1345,16:51:3,38.6,87.2
1346,16:51:4,38.6,86.4
1347,16:51:5,38.6,86.7
1348,16:51:6,38.6,85.8
1349,16:51:7,38.6,84.9
1350,16:51:8,38.6,86.4
1351,16:51:9,38.6,86.4
1352,16:51:10,38.6,86.7
1353,16:51:11,38.6,86.6
1354,16:51:12,38.6,86.0
1355,16:51:13,38.6,86.3
1356,16:51:14,38.6,86.1
1357,16:51:15,38.6,86.3
1358,16:51:16,38.6,85.7
1359,16:51:17,38.6,86.3
1360,16:51:18,38.6,86.4
1361,16:51:19,38.6,86.6
1362,16:51:20,38.7,86.2
1363,16:51:21,38.7,86.7
1364,16:51:22,38.5,85.8
1365,16:51:23,38.6,86.5
1366,16:51:24,38.7,86.5
1367,16:51:25,38.7,87.5
1368,16:51:26,38.7,85.6
1369,16:51:27,38.7,86.7
1370,16:51:28,38.7,86.3
1371,16:51:29,38.6,87.4
1372,16:51:30,38.7,86.2
1373,16:51:31,38.7,86.2
1374,16:51:32,38.6,86.6
1375,16:51:33,38.6,86.7
1376,16:51:34,38.6,86.8
1377,16:51:35,38.7,86.7
1378,16:51:36,38.7,86.6
1379,16:51:37,38.6,86.6
1380,16:51:38,38.6,86.2
1381,16:51:39,38.8,85.4
1382,16:51:40,38.6,86.3
1383,16:51:41,38.6,86.3
1384,16:51:42,38.5,86.8
1385,16:51:43,38.7,86.3
1386,16:51:44,38.7,86.6
1387,16:51:45,38.6,86.9
1388,16:51:46,38.7,86.9
1389,16:51:47,38.6,86.5
1390,16:51:48,38.6,86.3
1391,16:51:49,38.5,86.3
1392,16:51:50,38.7,86.6
1393,16:51:51,38.7,86.6
1394,16:51:52,38.6,86.5
1395,16:51:53,38.7,86.6
1396,16:51:55,38.6,86.5
1397,16:51:56,38.7,86.4
1398,16:51:57,38.7,84.4
1399,16:51:58,38.7,85.2
1400,16:51:59,38.7,85.4
1401,16:52:0,38.7,86.6
1402,16:52:1,38.7,86.3
1403,16:52:2,38.7,87.5
1404,16:52:3,38.6,86.3
1405,16:52:4,38.7,86.5
1406,16:52:5,38.8,86.4
1407,16:52:6,38.6,86.7
1408,16:52:7,38.8,86.6
1409,16:52:8,38.7,86.5
1410,16:52:9,38.7,86.5
1411,16:52:10,38.6,86.6
1412,16:52:11,38.8,86.5
1413,16:52:12,38.8,86.5
1414,16:52:13,38.7,86.6
1415,16:52:14,38.7,86.4
1416,16:52:15,38.7,86.5
1417,16:52:16,38.8,86.7
1418,16:52:17,38.5,86.1
1419,16:52:18,38.7,86.1
1420,16:52:19,38.8,86.4
1421,16:52:20,38.7,86.5
1422,16:52:21,38.8,87.6
1423,16:52:22,38.7,86.6
1424,16:52:23,38.8,86.3
1425,16:52:24,38.8,86.5
1426,16:52:25,38.8,87.2
1427,16:52:26,38.8,86.2
1428,16:52:27,38.8,86.4
1429,16:52:28,38.8,86.7
1430,16:52:29,38.8,86.7
1431,16:52:30,38.8,86.7
1432,16:52:31,38.8,86.6
1433,16:52:32,38.8,86.4
1434,16:52:33,38.8,88.4
1435,16:52:34,38.7,86.6
1436,16:52:35,38.6,86.6
1437,16:52:36,38.8,86.4
1438,16:52:37,38.8,86.5
1439,16:52:38,38.8,86.4
1440,16:52:39,38.8,86.5
1441,16:52:40,38.6,85.9
1442,16:52:41,38.6,86.2
1443,16:52:42,38.7,86.5
1444,16:52:43,38.8,86.4
1445,16:52:44,38.7,85.9
1446,16:52:45,38.8,85.1
1447,16:52:46,38.8,86.7
1448,16:52:47,38.9,86.4
1449,16:52:48,38.9,85.5
1450,16:52:49,38.8,86.3
1451,16:52:50,38.8,86.4
1452,16:52:51,38.8,86.6
1453,16:52:52,38.9,85.9
1454,16:52:53,38.7,86.6
1455,16:52:54,38.8,86.3
1456,16:52:55,38.8,86.5
1457,16:52:56,38.8,86.8
1458,16:52:57,38.8,86.5
1459,16:52:58,38.8,86.5
1460,16:52:59,38.8,86.5
1461,16:53:0,38.8,86.6
1462,16:53:1,38.8,86.6
1463,16:53:2,38.8,86.6
1464,16:53:3,38.9,86.6
1465,16:53:4,39.0,86.9
1466,16:53:5,38.8,86.8
1467,16:53:6,38.9,86.6
1468,16:53:7,38.8,86.4
1469,16:53:8,38.6,86.1
1470,16:53:9,38.9,86.5
1471,16:53:10,38.8,86.6
1472,16:53:11,38.9,86.4
1473,16:53:12,38.9,87.6
1474,16:53:13,38.8,85.4
1475,16:53:14,38.8,86.7
1476,16:53:15,38.8,86.8
1477,16:53:16,38.8,86.9
1478,16:53:17,38.9,86.7
1479,16:53:18,38.9,86.5
1480,16:53:19,38.9,86.8
1481,16:53:20,38.9,86.8
1482,16:53:21,38.9,86.7
1483,16:53:22,38.8,86.8
1484,16:53:23,38.8,87.1
1485,16:53:24,38.8,87.0
1486,16:53:25,38.8,86.6
1487,16:53:26,38.8,86.8
1488,16:53:27,38.7,86.8
1489,16:53:28,38.6,85.9
1490,16:53:29,38.9,86.9
1491,16:53:30,38.8,86.8
1492,16:53:31,38.9,85.5
1493,16:53:32,38.9,86.1
1494,16:53:33,38.9,86.6
1495,16:53:34,39.0,86.6
1496,16:53:35,38.8,87.2
1497,16:53:36,38.9,86.8
1498,16:53:37,39.0,86.8
1499,16:53:38,38.8,87.0
1500,16:53:39,38.8,86.6
1501,16:53:40,38.8,86.9
1502,16:53:41,38.8,86.9
1503,16:53:42,38.8,86.8
1504,16:53:43,38.9,86.9
1505,16:53:44,38.9,86.5
1506,16:53:45,38.9,88.3
1507,16:53:46,38.9,87.0
1508,16:53:47,38.9,87.2
1509,16:53:48,39.0,86.5
1510,16:53:49,39.0,87.0
1511,16:53:50,39.0,87.7
1512,16:53:51,38.9,86.5
1513,16:53:52,39.0,86.9
1514,16:53:53,38.9,87.2
1515,16:53:54,38.9,86.4
1516,16:53:55,39.1,87.2
1517,16:53:56,38.9,86.9
1518,16:53:57,38.9,86.7
1519,16:53:58,38.8,87.0
1520,16:53:59,39.0,87.0
1521,16:54:0,39.0,86.8
1522,16:54:1,39.0,87.0
1523,16:54:2,38.9,85.3
1524,16:54:3,38.9,86.7
1525,16:54:4,38.9,86.6
1526,16:54:5,38.9,87.2
1527,16:54:6,39.0,86.9
1528,16:54:7,38.9,87.0
1529,16:54:8,38.9,86.8
1530,16:54:9,38.8,86.5
1531,16:54:10,39.0,87.4
1532,16:54:11,38.9,86.6
1533,16:54:12,39.0,86.6
1534,16:54:13,39.0,88.7
1535,16:54:14,38.9,86.1
1536,16:54:15,38.9,86.8
1537,16:54:16,39.0,86.3
1538,16:54:17,38.9,87.3
1539,16:54:18,38.9,86.6
1540,16:54:19,39.0,87.0
1541,16:54:20,39.0,86.8
1542,16:54:21,38.9,87.1
1543,16:54:22,38.9,86.6
1544,16:54:23,38.9,86.9
1545,16:54:24,39.0,86.9
1546,16:54:25,38.9,86.8
1547,16:54:26,39.0,86.5
1548,16:54:27,38.9,86.8
1549,16:54:28,39.0,86.5
1550,16:54:29,38.8,86.8
1551,16:54:30,39.0,86.7
1552,16:54:31,39.0,86.8
1553,16:54:32,38.8,86.9
1554,16:54:33,39.1,85.6
1555,16:54:34,39.0,86.9
1556,16:54:35,39.0,86.5
1557,16:54:36,38.9,87.9
1558,16:54:37,39.0,84.9
1559,16:54:38,39.1,86.5
1560,16:54:39,39.0,86.6
1561,16:54:40,39.0,86.8
1562,16:54:41,39.1,87.2
1563,16:54:42,39.0,86.7
1564,16:54:43,39.0,87.2
1565,16:54:44,39.0,86.9
1566,16:54:45,39.0,87.0
1567,16:54:46,39.0,87.4
1568,16:54:47,39.0,86.7
1569,16:54:48,39.0,87.0
1570,16:54:49,39.1,86.6
1571,16:54:50,39.0,86.9
1572,16:54:51,38.9,86.9
1573,16:54:52,39.1,87.0
1574,16:54:53,39.1,86.8
1575,16:54:54,39.1,87.0
1576,16:54:55,39.1,88.6
1577,16:54:56,39.1,86.6
1578,16:54:57,39.1,88.6
1579,16:54:58,38.9,86.7
1580,16:54:59,39.0,87.0
1581,16:55:1,39.0,85.6
1582,16:55:2,39.1,87.9
1583,16:55:3,39.1,86.7
1584,16:55:4,39.1,87.0
1585,16:55:5,39.0,87.0
1586,16:55:6,39.1,86.7
1587,16:55:7,39.0,87.0
1588,16:55:8,38.9,86.9
1589,16:55:9,39.1,86.7
1590,16:55:10,39.1,87.0
1591,16:55:11,39.1,87.0
1592,16:55:12,39.1,86.6
1593,16:55:13,39.0,87.0
1594,16:55:14,39.1,86.8
1595,16:55:15,39.1,87.1
1596,16:55:16,39.0,87.2
1597,16:55:17,39.1,87.1
1598,16:55:18,39.1,86.9
1599,16:55:19,39.1,86.6
1600,16:55:20,39.1,86.9
1601,16:55:21,39.0,87.3
1602,16:55:22,39.2,87.1
1603,16:55:23,39.1,87.0
1604,16:55:24,39.2,86.6
1605,16:55:25,39.1,86.5
1606,16:55:26,39.2,87.6
1607,16:55:27,39.0,86.7
1608,16:55:28,39.2,86.8
1609,16:55:29,39.0,86.8
1610,16:55:30,39.0,85.4
1611,16:55:31,39.1,86.9
1612,16:55:32,39.1,87.1
1613,16:55:33,39.1,87.0
1614,16:55:34,39.1,87.0
1615,16:55:35,39.1,87.2
1616,16:55:36,39.1,87.2
1617,16:55:37,39.1,87.2
1618,16:55:38,39.1,86.8
1619,16:55:39,39.1,87.0
1620,16:55:40,39.1,87.0
1621,16:55:41,39.1,86.8
1622,16:55:42,39.0,86.7
1623,16:55:43,39.1,89.9
1624,16:55:44,39.1,87.2
1625,16:55:45,39.1,87.0
1626,16:55:46,39.2,87.0
1627,16:55:47,39.1,86.8
1628,16:55:48,39.1,87.0
1629,16:55:49,38.9,87.1
1630,16:55:50,39.2,86.7
1631,16:55:51,39.0,87.0
1632,16:55:52,39.1,87.0
1633,16:55:53,39.2,87.1
1634,16:55:54,39.1,87.1
1635,16:55:55,39.2,86.9
1636,16:55:56,39.1,86.6
1637,16:55:57,39.2,87.4
1638,16:55:58,39.2,86.9
1639,16:55:59,39.1,87.0
1640,16:56:0,39.1,86.9
1641,16:56:1,39.1,86.1
1642,16:56:2,39.1,86.6
1643,16:56:3,39.2,86.9
1644,16:56:4,39.2,86.8
1645,16:56:5,39.1,86.8
1646,16:56:6,39.2,86.8
1647,16:56:7,39.2,86.9
1648,16:56:8,39.1,86.9
1649,16:56:9,39.1,87.1
1650,16:56:10,39.2,87.1
1651,16:56:11,39.2,86.6
1652,16:56:12,39.1,86.6
1653,16:56:13,39.2,86.8
1654,16:56:14,39.2,86.8
1655,16:56:15,39.2,86.8
1656,16:56:16,39.2,87.0
1657,16:56:17,39.2,87.1
1658,16:56:18,39.1,86.6
1659,16:56:19,39.1,86.8
1660,16:56:20,39.1,87.2
1661,16:56:21,39.2,90.7
1662,16:56:22,39.2,86.7
1663,16:56:23,39.2,87.0
1664,16:56:24,39.3,86.5
1665,16:56:25,39.2,86.2
1666,16:56:26,39.2,86.6
1667,16:56:27,39.1,87.0
1668,16:56:28,39.2,87.9
1669,16:56:29,39.2,88.4
1670,16:56:30,39.2,86.8
1671,16:56:31,39.3,86.7
1672,16:56:32,39.2,88.1
1673,16:56:33,39.2,87.0
1674,16:56:34,39.1,87.0
1675,16:56:35,39.2,87.0
1676,16:56:36,39.2,87.0
1677,16:56:37,39.2,87.1
1678,16:56:38,39.2,86.8
1679,16:56:39,39.2,87.2
1680,16:56:40,39.1,86.9
1681,16:56:41,39.2,87.0
1682,16:56:42,39.2,87.1
1683,16:56:43,39.3,86.9
1684,16:56:44,39.3,87.0
1685,16:56:45,39.2,86.8
1686,16:56:46,39.2,87.0
1687,16:56:47,39.1,87.0
1688,16:56:48,39.4,88.4
1689,16:56:49,39.2,87.0
1690,16:56:50,39.3,86.9
1691,16:56:51,39.2,86.4
1692,16:56:52,39.1,87.4
1693,16:56:53,39.3,87.1
1694,16:56:54,39.2,87.2
1695,16:56:55,39.3,86.8
1696,16:56:56,39.2,87.3
1697,16:56:57,39.2,87.1
1698,16:56:58,39.2,86.8
1699,16:56:59,39.2,87.0
1700,16:57:0,39.3,87.1
1701,16:57:1,39.2,86.9
1702,16:57:2,39.3,87.1
1703,16:57:3,39.3,87.3
1704,16:57:4,39.2,86.7
1705,16:57:5,39.2,86.9
1706,16:57:6,39.3,87.3
1707,16:57:7,39.1,87.5
1708,16:57:8,39.2,86.9
1709,16:57:9,39.3,86.9
1710,16:57:10,39.3,87.5
1711,16:57:11,39.1,87.2
1712,16:57:12,39.3,86.8
1713,16:57:13,39.3,87.2
1714,16:57:14,39.3,86.2
1715,16:57:15,39.3,85.6
1716,16:57:16,39.2,85.7
1717,16:57:17,39.2,87.4
1718,16:57:18,39.2,87.1
1719,16:57:19,39.3,87.1
1720,16:57:20,39.2,87.6
1721,16:57:21,39.3,87.2
1722,16:57:22,39.3,87.1
1723,16:57:23,39.3,87.1
1724,16:57:24,39.3,87.2
1725,16:57:25,39.3,87.3
1726,16:57:26,39.3,87.1
1727,16:57:27,39.3,87.1
1728,16:57:28,39.3,87.0
1729,16:57:29,39.3,87.1
1730,16:57:30,39.3,87.3
1731,16:57:31,39.3,87.0
1732,16:57:32,39.2,87.2
1733,16:57:33,39.3,87.4
1734,16:57:34,39.3,88.1
1735,16:57:35,39.3,87.9
1736,16:57:36,39.3,87.1
1737,16:57:37,39.3,87.3
1738,16:57:38,39.3,86.9
1739,16:57:39,39.3,87.4
1740,16:57:40,39.3,87.3
1741,16:57:41,39.3,87.5
1742,16:57:42,39.3,87.3
1743,16:57:43,39.3,87.0
1744,16:57:44,39.3,87.1
1745,16:57:45,39.3,87.2
1746,16:57:46,39.2,87.2
1747,16:57:47,39.4,87.0
1748,16:57:48,39.3,87.2
1749,16:57:49,39.3,87.3
1750,16:57:50,39.5,86.3
1751,16:57:51,39.3,87.1
1752,16:57:52,39.3,87.2
1753,16:57:53,39.5,87.3
1754,16:57:54,39.3,86.7
1755,16:57:55,39.4,86.9
1756,16:57:56,39.3,87.1
1757,16:57:57,39.3,85.5
1758,16:57:58,39.3,87.2
1759,16:57:59,39.3,87.0
1760,16:58:0,39.3,87.2
1761,16:58:1,39.4,87.3
1762,16:58:2,39.4,87.1
1763,16:58:3,39.3,87.2
1764,16:58:5,39.3,87.1
1765,16:58:6,39.3,87.3
1766,16:58:7,39.4,87.3
1767,16:58:8,39.4,87.1
1768,16:58:9,39.4,87.1
1769,16:58:10,39.2,86.6
1770,16:58:11,39.4,87.3
1771,16:58:12,39.3,87.1
1772,16:58:13,39.4,86.0
1773,16:58:14,39.4,87.8
1774,16:58:15,39.4,87.4
1775,16:58:16,39.3,87.0
1776,16:58:17,39.3,87.3
1777,16:58:18,39.3,86.5
1778,16:58:19,39.3,87.3
1779,16:58:20,39.3,87.1
1780,16:58:21,39.3,86.7
1781,16:58:22,39.3,86.6
1782,16:58:23,39.4,87.2
1783,16:58:24,39.3,86.8
1784,16:58:25,39.4,87.1
1785,16:58:26,39.4,87.4
1786,16:58:27,39.3,87.2
1787,16:58:28,39.3,87.4
1788,16:58:29,39.2,87.0
1789,16:58:30,39.4,87.4
1790,16:58:31,39.3,87.2
1791,16:58:32,39.5,87.0
1792,16:58:33,39.4,88.1
1793,16:58:34,39.4,87.2
1794,16:58:35,39.4,87.2
1795,16:58:36,39.3,86.2
1796,16:58:37,39.4,86.6
1797,16:58:38,39.4,87.2
1798,16:58:39,39.4,87.7
1799,16:58:40,39.4,87.0
1800,16:58:41,39.4,87.4
1801,16:58:42,39.4,86.9
1802,16:58:43,39.4,87.4
1803,16:58:44,39.5,87.1
1804,16:58:45,39.3,87.2
1805,16:58:46,39.3,87.5
1806,16:58:47,39.4,87.3
1807,16:58:48,39.5,87.3
1808,16:58:49,39.4,87.3
1809,16:58:50,39.4,87.1
1810,16:58:51,39.4,87.2
1811,16:58:52,39.2,87.5
1812,16:58:53,39.4,87.3
1813,16:58:54,39.4,87.3
1814,16:58:55,39.3,86.9
1815,16:58:56,39.4,86.6
1816,16:58:57,39.4,85.3
1817,16:58:58,39.4,87.4
1818,16:58:59,39.5,87.1
1819,16:59:0,39.5,87.5
1820,16:59:1,39.5,87.4
1821,16:59:2,39.5,87.2
1822,16:59:3,39.4,87.2
1823,16:59:4,39.5,87.2
1824,16:59:5,39.4,87.0
1825,16:59:6,39.4,87.6
1826,16:59:7,39.4,87.2
1827,16:59:8,39.4,87.4
1828,16:59:9,39.5,87.2
1829,16:59:10,39.6,87.6
1830,16:59:11,39.4,87.6
1831,16:59:12,39.4,87.4
1832,16:59:13,39.5,87.0
1833,16:59:14,39.4,87.2
1834,16:59:15,39.5,87.4
1835,16:59:16,39.5,86.8
1836,16:59:17,39.5,87.5
1837,16:59:18,39.5,87.5
1838,16:59:19,39.5,86.7
1839,16:59:20,39.5,88.0
1840,16:59:21,39.4,87.3
1841,16:59:22,39.4,87.2
1842,16:59:23,39.5,88.8
1843,16:59:24,39.5,87.0
1844,16:59:25,39.5,87.6
1845,16:59:26,39.5,87.4
1846,16:59:27,39.4,87.4
1847,16:59:28,39.5,87.7
1848,16:59:29,39.5,87.2
1849,16:59:30,39.5,87.5
1850,16:59:31,39.5,87.4
1851,16:59:32,39.5,87.2
1852,16:59:33,39.5,87.1
1853,16:59:34,39.3,87.3
1854,16:59:35,39.2,87.4
1855,16:59:36,39.5,87.0
1856,16:59:37,39.5,87.3
1857,16:59:38,39.4,87.7
1858,16:59:39,39.4,86.8
1859,16:59:40,39.5,87.2
1860,16:59:41,39.5,87.1
1861,16:59:42,39.5,86.3
1862,16:59:43,39.5,89.0
1863,16:59:44,39.5,87.1
1864,16:59:45,39.5,87.3
1865,16:59:46,39.5,86.8
1866,16:59:47,39.5,87.4
1867,16:59:48,39.6,87.2
1868,16:59:49,39.5,87.1
1869,16:59:50,39.5,89.2
1870,16:59:51,39.5,87.3
1871,16:59:52,39.5,87.5
1872,16:59:53,39.5,87.3
1873,16:59:54,39.5,87.2
1874,16:59:55,39.5,87.2
1875,16:59:56,39.5,87.3
1876,16:59:57,39.5,87.4
1877,16:59:58,39.7,87.4
1878,16:59:59,39.5,87.2
1879,17:0:0,39.5,87.1
1880,17:0:1,39.6,87.2
1881,17:0:2,39.3,87.6
1882,17:0:3,39.5,87.3
1883,17:0:4,39.5,87.5
1884,17:0:5,39.4,87.9
1885,17:0:6,39.6,86.5
1886,17:0:7,39.5,87.5
1887,17:0:8,39.6,87.3
1888,17:0:9,39.5,87.5
1889,17:0:10,39.5,87.4
